fps_id,name,district,taluk,pincode,latitude,longitude,capacity_kg,registered_cards_count
FPS-KA-BAG-0001,FPS BAG 0001,Bagalkot,Bagalkot Taluk 1,560000,13.559971,77.3275,2500,17
FPS-KA-BAG-0002,FPS BAG 0002,Bagalkot,Bagalkot Taluk 2,560037,15.525967,76.095305,2500,17
FPS-KA-BAG-0003,FPS BAG 0003,Bagalkot,Bagalkot Taluk 3,560074,12.358103,74.545981,3500,17
FPS-KA-BAG-0004,FPS BAG 0004,Bagalkot,Bagalkot Taluk 4,560111,11.81946,77.031617,3000,17
FPS-KA-BAG-0005,FPS BAG 0005,Bagalkot,Bagalkot Taluk 5,560148,14.806133,76.478254,3000,17
FPS-KA-BAG-0006,FPS BAG 0006,Bagalkot,Bagalkot Taluk 1,560185,11.613215,77.394684,3000,17
FPS-KA-BAG-0007,FPS BAG 0007,Bagalkot,Bagalkot Taluk 2,560222,16.078435,74.743187,2500,17
FPS-KA-BAG-0008,FPS BAG 0008,Bagalkot,Bagalkot Taluk 3,560259,12.500037,74.641916,5000,17
FPS-KA-BAG-0009,FPS BAG 0009,Bagalkot,Bagalkot Taluk 4,560296,13.173332,75.836648,2500,17
FPS-KA-BAG-0010,FPS BAG 0010,Bagalkot,Bagalkot Taluk 5,560333,13.875698,75.019302,5000,17
FPS-KA-BAG-0011,FPS BAG 0011,Bagalkot,Bagalkot Taluk 1,560370,14.865191,74.488229,4000,17
FPS-KA-BAG-0012,FPS BAG 0012,Bagalkot,Bagalkot Taluk 2,560407,13.106796,75.282266,2500,17
FPS-KA-BAG-0013,FPS BAG 0013,Bagalkot,Bagalkot Taluk 3,560444,14.008385,76.748116,2500,17
FPS-KA-BAG-0014,FPS BAG 0014,Bagalkot,Bagalkot Taluk 4,560481,12.598206,75.799821,2500,17
FPS-KA-BAG-0015,FPS BAG 0015,Bagalkot,Bagalkot Taluk 5,560518,14.75828,74.162576,3000,17
FPS-KA-BAG-0016,FPS BAG 0016,Bagalkot,Bagalkot Taluk 1,560555,14.841497,74.596834,3000,17
FPS-KA-BAG-0017,FPS BAG 0017,Bagalkot,Bagalkot Taluk 2,560592,11.857784,77.321099,5000,17
FPS-KA-BAG-0018,FPS BAG 0018,Bagalkot,Bagalkot Taluk 3,560629,16.810976,76.829391,5000,17
FPS-KA-BAG-0019,FPS BAG 0019,Bagalkot,Bagalkot Taluk 4,560666,13.175376,74.341852,2500,17
FPS-KA-BAG-0020,FPS BAG 0020,Bagalkot,Bagalkot Taluk 5,560703,15.263282,75.540534,5000,17
FPS-KA-BAL-0001,FPS BAL 0001,Ballari,Ballari Taluk 1,560740,12.17121,75.733119,3000,17
FPS-KA-BAL-0002,FPS BAL 0002,Ballari,Ballari Taluk 2,560777,11.689137,77.182621,5000,17
FPS-KA-BAL-0003,FPS BAL 0003,Ballari,Ballari Taluk 3,560814,12.92329,76.318828,4000,17
FPS-KA-BAL-0004,FPS BAL 0004,Ballari,Ballari Taluk 4,560851,13.214411,75.820238,3000,17
FPS-KA-BAL-0005,FPS BAL 0005,Ballari,Ballari Taluk 5,560888,14.506907,74.646991,4000,17
FPS-KA-BAL-0006,FPS BAL 0006,Ballari,Ballari Taluk 1,560925,16.832715,76.712965,5000,17
FPS-KA-BAL-0007,FPS BAL 0007,Ballari,Ballari Taluk 2,560962,16.667244,77.131896,3500,17
FPS-KA-BAL-0008,FPS BAL 0008,Ballari,Ballari Taluk 3,560999,14.78845,77.22656,2500,17
FPS-KA-BAL-0009,FPS BAL 0009,Ballari,Ballari Taluk 4,561036,11.986709,74.68594,3000,17
FPS-KA-BAL-0010,FPS BAL 0010,Ballari,Ballari Taluk 5,561073,11.74875,75.138656,4000,17
FPS-KA-BAL-0011,FPS BAL 0011,Ballari,Ballari Taluk 1,561110,13.637725,74.949722,3500,17
FPS-KA-BAL-0012,FPS BAL 0012,Ballari,Ballari Taluk 2,561147,16.058056,75.248637,3500,17
FPS-KA-BAL-0013,FPS BAL 0013,Ballari,Ballari Taluk 3,561184,13.04514,75.899436,3000,17
FPS-KA-BAL-0014,FPS BAL 0014,Ballari,Ballari Taluk 4,561221,12.275083,76.807689,3000,17
FPS-KA-BAL-0015,FPS BAL 0015,Ballari,Ballari Taluk 5,561258,11.910029,77.454104,3500,17
FPS-KA-BAL-0016,FPS BAL 0016,Ballari,Ballari Taluk 1,561295,15.747346,74.695505,2500,17
FPS-KA-BAL-0017,FPS BAL 0017,Ballari,Ballari Taluk 2,561332,11.530372,76.854115,2500,17
FPS-KA-BAL-0018,FPS BAL 0018,Ballari,Ballari Taluk 3,561369,15.387715,76.551525,4000,17
FPS-KA-BAL-0019,FPS BAL 0019,Ballari,Ballari Taluk 4,561406,15.741987,74.259156,2500,17
FPS-KA-BAL-0020,FPS BAL 0020,Ballari,Ballari Taluk 5,561443,13.471562,74.405542,3500,17
FPS-KA-BEL-0001,FPS BEL 0001,Belagavi,Belagavi Taluk 1,561480,16.247069,76.181543,3500,17
FPS-KA-BEL-0002,FPS BEL 0002,Belagavi,Belagavi Taluk 2,561517,13.319939,74.222454,5000,17
FPS-KA-BEL-0003,FPS BEL 0003,Belagavi,Belagavi Taluk 3,561554,13.210403,75.138142,3500,17
FPS-KA-BEL-0004,FPS BEL 0004,Belagavi,Belagavi Taluk 4,561591,15.512834,76.231451,2500,17
FPS-KA-BEL-0005,FPS BEL 0005,Belagavi,Belagavi Taluk 5,561628,16.37967,75.652752,4000,17
FPS-KA-BEL-0006,FPS BEL 0006,Belagavi,Belagavi Taluk 1,561665,12.157768,76.496357,5000,17
FPS-KA-BEL-0007,FPS BEL 0007,Belagavi,Belagavi Taluk 2,561702,15.684318,75.96447,2500,17
FPS-KA-BEL-0008,FPS BEL 0008,Belagavi,Belagavi Taluk 3,561739,15.740319,75.728285,4000,17
FPS-KA-BEL-0009,FPS BEL 0009,Belagavi,Belagavi Taluk 4,561776,14.375031,75.496394,2500,17
FPS-KA-BEL-0010,FPS BEL 0010,Belagavi,Belagavi Taluk 5,561813,11.639805,74.37762,5000,17
FPS-KA-BEL-0011,FPS BEL 0011,Belagavi,Belagavi Taluk 1,561850,11.672861,76.227436,3500,17
FPS-KA-BEL-0012,FPS BEL 0012,Belagavi,Belagavi Taluk 2,561887,13.228958,75.779997,5000,17
FPS-KA-BEL-0013,FPS BEL 0013,Belagavi,Belagavi Taluk 3,561924,16.491616,74.872523,3500,17
FPS-KA-BEL-0014,FPS BEL 0014,Belagavi,Belagavi Taluk 4,561961,13.757106,76.644429,5000,17
FPS-KA-BEL-0015,FPS BEL 0015,Belagavi,Belagavi Taluk 5,561998,12.75839,74.26943,3000,17
FPS-KA-BEL-0016,FPS BEL 0016,Belagavi,Belagavi Taluk 1,562035,13.093633,74.564275,2500,17
FPS-KA-BEL-0017,FPS BEL 0017,Belagavi,Belagavi Taluk 2,562072,16.613337,76.828421,2500,17
FPS-KA-BEL-0018,FPS BEL 0018,Belagavi,Belagavi Taluk 3,562109,14.983721,77.050112,3000,17
FPS-KA-BEL-0019,FPS BEL 0019,Belagavi,Belagavi Taluk 4,562146,15.920196,74.652995,3500,17
FPS-KA-BEL-0020,FPS BEL 0020,Belagavi,Belagavi Taluk 5,562183,16.409074,75.887698,2500,17
FPS-KA-BLR-R-0001,FPS BLR-R 0001,Bengaluru Rural,Bengaluru Rural Taluk 1,562220,15.940921,77.13632,3000,17
FPS-KA-BLR-R-0002,FPS BLR-R 0002,Bengaluru Rural,Bengaluru Rural Taluk 2,562257,13.249019,74.385182,2500,17
FPS-KA-BLR-R-0003,FPS BLR-R 0003,Bengaluru Rural,Bengaluru Rural Taluk 3,562294,12.753643,75.494877,4000,17
FPS-KA-BLR-R-0004,FPS BLR-R 0004,Bengaluru Rural,Bengaluru Rural Taluk 4,562331,15.999081,77.012557,3500,17
FPS-KA-BLR-R-0005,FPS BLR-R 0005,Bengaluru Rural,Bengaluru Rural Taluk 5,562368,11.538237,75.787616,4000,17
FPS-KA-BLR-R-0006,FPS BLR-R 0006,Bengaluru Rural,Bengaluru Rural Taluk 1,562405,13.795761,74.777377,3500,17
FPS-KA-BLR-R-0007,FPS BLR-R 0007,Bengaluru Rural,Bengaluru Rural Taluk 2,562442,12.15926,75.181653,3000,17
FPS-KA-BLR-R-0008,FPS BLR-R 0008,Bengaluru Rural,Bengaluru Rural Taluk 3,562479,16.686003,75.13121,3500,17
FPS-KA-BLR-R-0009,FPS BLR-R 0009,Bengaluru Rural,Bengaluru Rural Taluk 4,562516,14.353348,76.460566,3500,17
FPS-KA-BLR-R-0010,FPS BLR-R 0010,Bengaluru Rural,Bengaluru Rural Taluk 5,562553,13.499963,77.401237,3000,17
FPS-KA-BLR-R-0011,FPS BLR-R 0011,Bengaluru Rural,Bengaluru Rural Taluk 1,562590,16.79346,74.881238,3500,17
FPS-KA-BLR-R-0012,FPS BLR-R 0012,Bengaluru Rural,Bengaluru Rural Taluk 2,562627,14.234867,75.053074,2500,17
FPS-KA-BLR-R-0013,FPS BLR-R 0013,Bengaluru Rural,Bengaluru Rural Taluk 3,562664,13.066623,74.129104,5000,17
FPS-KA-BLR-R-0014,FPS BLR-R 0014,Bengaluru Rural,Bengaluru Rural Taluk 4,562701,14.852604,75.759377,3000,17
FPS-KA-BLR-R-0015,FPS BLR-R 0015,Bengaluru Rural,Bengaluru Rural Taluk 5,562738,11.783133,74.975263,5000,17
FPS-KA-BLR-R-0016,FPS BLR-R 0016,Bengaluru Rural,Bengaluru Rural Taluk 1,562775,16.495462,74.838467,3000,17
FPS-KA-BLR-R-0017,FPS BLR-R 0017,Bengaluru Rural,Bengaluru Rural Taluk 2,562812,12.296922,75.713085,3000,17
FPS-KA-BLR-R-0018,FPS BLR-R 0018,Bengaluru Rural,Bengaluru Rural Taluk 3,562849,16.921077,74.847193,4000,17
FPS-KA-BLR-R-0019,FPS BLR-R 0019,Bengaluru Rural,Bengaluru Rural Taluk 4,562886,15.196746,76.665669,4000,17
FPS-KA-BLR-R-0020,FPS BLR-R 0020,Bengaluru Rural,Bengaluru Rural Taluk 5,562923,12.807006,76.548757,3500,17
FPS-KA-BLR-U-0001,FPS BLR-U 0001,Bengaluru Urban,Bengaluru Urban Taluk 1,562960,13.522807,76.21307,5000,16
FPS-KA-BLR-U-0002,FPS BLR-U 0002,Bengaluru Urban,Bengaluru Urban Taluk 2,562997,14.984413,75.875211,3000,16
FPS-KA-BLR-U-0003,FPS BLR-U 0003,Bengaluru Urban,Bengaluru Urban Taluk 3,563034,11.996594,76.923559,3500,16
FPS-KA-BLR-U-0004,FPS BLR-U 0004,Bengaluru Urban,Bengaluru Urban Taluk 4,563071,13.26429,74.652815,2500,16
FPS-KA-BLR-U-0005,FPS BLR-U 0005,Bengaluru Urban,Bengaluru Urban Taluk 5,563108,11.724263,76.068125,3000,16
FPS-KA-BLR-U-0006,FPS BLR-U 0006,Bengaluru Urban,Bengaluru Urban Taluk 1,563145,15.226604,74.058057,2500,16
FPS-KA-BLR-U-0007,FPS BLR-U 0007,Bengaluru Urban,Bengaluru Urban Taluk 2,563182,14.316512,74.792735,3500,16
FPS-KA-BLR-U-0008,FPS BLR-U 0008,Bengaluru Urban,Bengaluru Urban Taluk 3,563219,15.04845,74.610283,4000,16
FPS-KA-BLR-U-0009,FPS BLR-U 0009,Bengaluru Urban,Bengaluru Urban Taluk 4,563256,15.300158,75.353574,3500,16
FPS-KA-BLR-U-0010,FPS BLR-U 0010,Bengaluru Urban,Bengaluru Urban Taluk 5,563293,16.652015,74.481323,2500,16
FPS-KA-BLR-U-0011,FPS BLR-U 0011,Bengaluru Urban,Bengaluru Urban Taluk 1,563330,13.375865,74.397157,3000,16
FPS-KA-BLR-U-0012,FPS BLR-U 0012,Bengaluru Urban,Bengaluru Urban Taluk 2,563367,16.585815,77.070688,5000,16
FPS-KA-BLR-U-0013,FPS BLR-U 0013,Bengaluru Urban,Bengaluru Urban Taluk 3,563404,12.918679,76.309944,3500,16
FPS-KA-BLR-U-0014,FPS BLR-U 0014,Bengaluru Urban,Bengaluru Urban Taluk 4,563441,15.994722,75.943203,3000,16
FPS-KA-BLR-U-0015,FPS BLR-U 0015,Bengaluru Urban,Bengaluru Urban Taluk 5,563478,14.413078,74.846483,4000,16
FPS-KA-BLR-U-0016,FPS BLR-U 0016,Bengaluru Urban,Bengaluru Urban Taluk 1,563515,12.012065,77.140255,4000,16
FPS-KA-BLR-U-0017,FPS BLR-U 0017,Bengaluru Urban,Bengaluru Urban Taluk 2,563552,16.452299,76.215855,4000,16
FPS-KA-BLR-U-0018,FPS BLR-U 0018,Bengaluru Urban,Bengaluru Urban Taluk 3,563589,13.364664,75.222234,3000,16
FPS-KA-BLR-U-0019,FPS BLR-U 0019,Bengaluru Urban,Bengaluru Urban Taluk 4,563626,15.492756,77.139886,3500,16
FPS-KA-BLR-U-0020,FPS BLR-U 0020,Bengaluru Urban,Bengaluru Urban Taluk 5,563663,16.378975,76.729564,3000,16
FPS-KA-BID-0001,FPS BID 0001,Bidar,Bidar Taluk 1,563700,15.031174,74.29449,3000,16
FPS-KA-BID-0002,FPS BID 0002,Bidar,Bidar Taluk 2,563737,12.388958,77.14494,5000,16
FPS-KA-BID-0003,FPS BID 0003,Bidar,Bidar Taluk 3,563774,14.83536,74.03219,5000,16
FPS-KA-BID-0004,FPS BID 0004,Bidar,Bidar Taluk 4,563811,12.058093,76.322256,3500,16
FPS-KA-BID-0005,FPS BID 0005,Bidar,Bidar Taluk 5,563848,11.527839,74.562828,5000,16
FPS-KA-BID-0006,FPS BID 0006,Bidar,Bidar Taluk 1,563885,14.518036,76.421633,4000,16
FPS-KA-BID-0007,FPS BID 0007,Bidar,Bidar Taluk 2,563922,15.085787,74.784943,5000,16
FPS-KA-BID-0008,FPS BID 0008,Bidar,Bidar Taluk 3,563959,15.416986,74.830372,4000,16
FPS-KA-BID-0009,FPS BID 0009,Bidar,Bidar Taluk 4,563996,13.289698,76.61272,3500,16
FPS-KA-BID-0010,FPS BID 0010,Bidar,Bidar Taluk 5,564033,15.072981,76.972282,3000,16
FPS-KA-BID-0011,FPS BID 0011,Bidar,Bidar Taluk 1,564070,15.116871,75.98908,3000,16
FPS-KA-BID-0012,FPS BID 0012,Bidar,Bidar Taluk 2,564107,12.015211,75.287005,5000,16
FPS-KA-BID-0013,FPS BID 0013,Bidar,Bidar Taluk 3,564144,12.958613,74.853964,4000,16
FPS-KA-BID-0014,FPS BID 0014,Bidar,Bidar Taluk 4,564181,16.851558,75.375842,2500,16
FPS-KA-BID-0015,FPS BID 0015,Bidar,Bidar Taluk 5,564218,16.406256,76.208985,2500,16
FPS-KA-BID-0016,FPS BID 0016,Bidar,Bidar Taluk 1,564255,15.871462,75.75923,2500,16
FPS-KA-BID-0017,FPS BID 0017,Bidar,Bidar Taluk 2,564292,14.672971,75.723812,3000,16
FPS-KA-BID-0018,FPS BID 0018,Bidar,Bidar Taluk 3,564329,12.573836,76.528582,3000,16
FPS-KA-BID-0019,FPS BID 0019,Bidar,Bidar Taluk 4,564366,13.044248,74.085106,4000,16
FPS-KA-BID-0020,FPS BID 0020,Bidar,Bidar Taluk 5,564403,15.050098,74.619887,5000,16
FPS-KA-CHA-0001,FPS CHA 0001,Chamarajanagar,Chamarajanagar Taluk 1,564440,16.672522,77.33875,2500,16
FPS-KA-CHA-0002,FPS CHA 0002,Chamarajanagar,Chamarajanagar Taluk 2,564477,16.531754,75.295555,4000,16
FPS-KA-CHA-0003,FPS CHA 0003,Chamarajanagar,Chamarajanagar Taluk 3,564514,11.585011,77.249115,4000,16
FPS-KA-CHA-0004,FPS CHA 0004,Chamarajanagar,Chamarajanagar Taluk 4,564551,13.855013,77.383292,5000,16
FPS-KA-CHA-0005,FPS CHA 0005,Chamarajanagar,Chamarajanagar Taluk 5,564588,16.79991,76.985533,4000,16
FPS-KA-CHA-0006,FPS CHA 0006,Chamarajanagar,Chamarajanagar Taluk 1,564625,13.119469,75.347842,5000,16
FPS-KA-CHA-0007,FPS CHA 0007,Chamarajanagar,Chamarajanagar Taluk 2,564662,16.181252,75.109227,3500,16
FPS-KA-CHA-0008,FPS CHA 0008,Chamarajanagar,Chamarajanagar Taluk 3,564699,12.43221,75.948804,5000,16
FPS-KA-CHA-0009,FPS CHA 0009,Chamarajanagar,Chamarajanagar Taluk 4,564736,16.648851,76.436104,2500,16
FPS-KA-CHA-0010,FPS CHA 0010,Chamarajanagar,Chamarajanagar Taluk 5,564773,14.635336,74.340118,2500,16
FPS-KA-CHA-0011,FPS CHA 0011,Chamarajanagar,Chamarajanagar Taluk 1,564810,14.88254,77.465188,5000,16
FPS-KA-CHA-0012,FPS CHA 0012,Chamarajanagar,Chamarajanagar Taluk 2,564847,12.270462,75.814154,3500,16
FPS-KA-CHA-0013,FPS CHA 0013,Chamarajanagar,Chamarajanagar Taluk 3,564884,16.325552,76.59269,3500,16
FPS-KA-CHA-0014,FPS CHA 0014,Chamarajanagar,Chamarajanagar Taluk 4,564921,15.333587,76.458694,2500,16
FPS-KA-CHA-0015,FPS CHA 0015,Chamarajanagar,Chamarajanagar Taluk 5,564958,13.477201,75.027571,3500,16
FPS-KA-CHA-0016,FPS CHA 0016,Chamarajanagar,Chamarajanagar Taluk 1,564995,15.951486,76.835397,4000,16
FPS-KA-CHA-0017,FPS CHA 0017,Chamarajanagar,Chamarajanagar Taluk 2,565032,16.268898,77.196342,3000,16
FPS-KA-CHA-0018,FPS CHA 0018,Chamarajanagar,Chamarajanagar Taluk 3,565069,14.312383,75.755307,4000,16
FPS-KA-CHA-0019,FPS CHA 0019,Chamarajanagar,Chamarajanagar Taluk 4,565106,15.890623,76.274874,2500,16
FPS-KA-CHA-0020,FPS CHA 0020,Chamarajanagar,Chamarajanagar Taluk 5,565143,15.360818,76.785274,3500,16
FPS-KA-CHB-0001,FPS CHB 0001,Chikkaballapur,Chikkaballapur Taluk 1,565180,16.395029,75.182983,5000,16
FPS-KA-CHB-0002,FPS CHB 0002,Chikkaballapur,Chikkaballapur Taluk 2,565217,13.565706,74.328937,3000,16
FPS-KA-CHB-0003,FPS CHB 0003,Chikkaballapur,Chikkaballapur Taluk 3,565254,14.680541,74.125798,5000,16
FPS-KA-CHB-0004,FPS CHB 0004,Chikkaballapur,Chikkaballapur Taluk 4,565291,14.060789,75.899256,2500,16
FPS-KA-CHB-0005,FPS CHB 0005,Chikkaballapur,Chikkaballapur Taluk 5,565328,13.075977,76.067916,3500,16
FPS-KA-CHB-0006,FPS CHB 0006,Chikkaballapur,Chikkaballapur Taluk 1,565365,11.667751,74.130719,5000,16
FPS-KA-CHB-0007,FPS CHB 0007,Chikkaballapur,Chikkaballapur Taluk 2,565402,16.024303,75.260667,5000,16
FPS-KA-CHB-0008,FPS CHB 0008,Chikkaballapur,Chikkaballapur Taluk 3,565439,12.198833,75.827851,3000,16
FPS-KA-CHB-0009,FPS CHB 0009,Chikkaballapur,Chikkaballapur Taluk 4,565476,15.734965,74.755374,3000,16
FPS-KA-CHB-0010,FPS CHB 0010,Chikkaballapur,Chikkaballapur Taluk 5,565513,14.925898,74.298716,3500,16
FPS-KA-CHB-0011,FPS CHB 0011,Chikkaballapur,Chikkaballapur Taluk 1,565550,11.784249,75.859741,3000,16
FPS-KA-CHB-0012,FPS CHB 0012,Chikkaballapur,Chikkaballapur Taluk 2,565587,14.473493,76.231005,5000,16
FPS-KA-CHB-0013,FPS CHB 0013,Chikkaballapur,Chikkaballapur Taluk 3,565624,15.493502,77.415482,5000,16
FPS-KA-CHB-0014,FPS CHB 0014,Chikkaballapur,Chikkaballapur Taluk 4,565661,14.339652,75.130348,2500,16
FPS-KA-CHB-0015,FPS CHB 0015,Chikkaballapur,Chikkaballapur Taluk 5,565698,15.873524,74.947913,5000,16
FPS-KA-CHB-0016,FPS CHB 0016,Chikkaballapur,Chikkaballapur Taluk 1,565735,13.914343,74.274597,3500,16
FPS-KA-CHB-0017,FPS CHB 0017,Chikkaballapur,Chikkaballapur Taluk 2,565772,11.639429,77.369269,4000,16
FPS-KA-CHB-0018,FPS CHB 0018,Chikkaballapur,Chikkaballapur Taluk 3,565809,16.097891,76.43591,2500,16
FPS-KA-CHB-0019,FPS CHB 0019,Chikkaballapur,Chikkaballapur Taluk 4,565846,13.749241,74.60653,2500,16
FPS-KA-CHB-0020,FPS CHB 0020,Chikkaballapur,Chikkaballapur Taluk 5,565883,12.360404,74.87585,3500,16
FPS-KA-CHK-0001,FPS CHK 0001,Chikkamagaluru,Chikkamagaluru Taluk 1,565920,14.520747,76.501086,3500,16
FPS-KA-CHK-0002,FPS CHK 0002,Chikkamagaluru,Chikkamagaluru Taluk 2,565957,15.131086,74.979769,3000,16
FPS-KA-CHK-0003,FPS CHK 0003,Chikkamagaluru,Chikkamagaluru Taluk 3,565994,16.751759,76.582639,2500,16
FPS-KA-CHK-0004,FPS CHK 0004,Chikkamagaluru,Chikkamagaluru Taluk 4,566031,14.548947,76.141023,3000,16
FPS-KA-CHK-0005,FPS CHK 0005,Chikkamagaluru,Chikkamagaluru Taluk 5,566068,13.8078,74.867058,5000,16
FPS-KA-CHK-0006,FPS CHK 0006,Chikkamagaluru,Chikkamagaluru Taluk 1,566105,13.45785,76.652461,2500,16
FPS-KA-CHK-0007,FPS CHK 0007,Chikkamagaluru,Chikkamagaluru Taluk 2,566142,11.579164,74.406254,2500,16
FPS-KA-CHK-0008,FPS CHK 0008,Chikkamagaluru,Chikkamagaluru Taluk 3,566179,11.753015,74.142551,4000,16
FPS-KA-CHK-0009,FPS CHK 0009,Chikkamagaluru,Chikkamagaluru Taluk 4,566216,16.205033,76.462803,2500,16
FPS-KA-CHK-0010,FPS CHK 0010,Chikkamagaluru,Chikkamagaluru Taluk 5,566253,14.107956,74.34242,5000,16
FPS-KA-CHK-0011,FPS CHK 0011,Chikkamagaluru,Chikkamagaluru Taluk 1,566290,14.203887,75.657151,3000,16
FPS-KA-CHK-0012,FPS CHK 0012,Chikkamagaluru,Chikkamagaluru Taluk 2,566327,12.45261,75.518481,3000,16
FPS-KA-CHK-0013,FPS CHK 0013,Chikkamagaluru,Chikkamagaluru Taluk 3,566364,13.691776,76.155475,4000,16
FPS-KA-CHK-0014,FPS CHK 0014,Chikkamagaluru,Chikkamagaluru Taluk 4,566401,14.993015,74.158564,5000,16
FPS-KA-CHK-0015,FPS CHK 0015,Chikkamagaluru,Chikkamagaluru Taluk 5,566438,13.560369,76.19051,3000,16
FPS-KA-CHK-0016,FPS CHK 0016,Chikkamagaluru,Chikkamagaluru Taluk 1,566475,14.267249,76.997714,3500,16
FPS-KA-CHK-0017,FPS CHK 0017,Chikkamagaluru,Chikkamagaluru Taluk 2,566512,15.122815,74.57027,5000,16
FPS-KA-CHK-0018,FPS CHK 0018,Chikkamagaluru,Chikkamagaluru Taluk 3,566549,11.888128,76.248467,5000,16
FPS-KA-CHK-0019,FPS CHK 0019,Chikkamagaluru,Chikkamagaluru Taluk 4,566586,11.645812,76.050215,4000,16
FPS-KA-CHK-0020,FPS CHK 0020,Chikkamagaluru,Chikkamagaluru Taluk 5,566623,16.671266,76.01416,3000,16
FPS-KA-CHI-0001,FPS CHI 0001,Chitradurga,Chitradurga Taluk 1,566660,13.634935,76.251509,5000,16
FPS-KA-CHI-0002,FPS CHI 0002,Chitradurga,Chitradurga Taluk 2,566697,14.020391,75.909659,3000,16
FPS-KA-CHI-0003,FPS CHI 0003,Chitradurga,Chitradurga Taluk 3,566734,16.678056,75.351359,3500,16
FPS-KA-CHI-0004,FPS CHI 0004,Chitradurga,Chitradurga Taluk 4,566771,16.786548,77.168727,4000,16
FPS-KA-CHI-0005,FPS CHI 0005,Chitradurga,Chitradurga Taluk 5,566808,12.576851,74.242765,3500,16
FPS-KA-CHI-0006,FPS CHI 0006,Chitradurga,Chitradurga Taluk 1,566845,12.054279,74.063776,4000,16
FPS-KA-CHI-0007,FPS CHI 0007,Chitradurga,Chitradurga Taluk 2,566882,12.019436,76.390524,5000,16
FPS-KA-CHI-0008,FPS CHI 0008,Chitradurga,Chitradurga Taluk 3,566919,11.891538,75.116415,4000,16
FPS-KA-CHI-0009,FPS CHI 0009,Chitradurga,Chitradurga Taluk 4,566956,16.146814,74.081452,2500,16
FPS-KA-CHI-0010,FPS CHI 0010,Chitradurga,Chitradurga Taluk 5,566993,15.979577,74.986492,3000,16
FPS-KA-CHI-0011,FPS CHI 0011,Chitradurga,Chitradurga Taluk 1,567030,12.149907,76.43858,3000,16
FPS-KA-CHI-0012,FPS CHI 0012,Chitradurga,Chitradurga Taluk 2,567067,14.959186,77.071152,2500,16
FPS-KA-CHI-0013,FPS CHI 0013,Chitradurga,Chitradurga Taluk 3,567104,15.542891,76.812183,3500,16
FPS-KA-CHI-0014,FPS CHI 0014,Chitradurga,Chitradurga Taluk 4,567141,13.05119,74.621038,2500,16
FPS-KA-CHI-0015,FPS CHI 0015,Chitradurga,Chitradurga Taluk 5,567178,15.628381,76.823922,5000,16
FPS-KA-CHI-0016,FPS CHI 0016,Chitradurga,Chitradurga Taluk 1,567215,16.947778,75.444162,5000,16
FPS-KA-CHI-0017,FPS CHI 0017,Chitradurga,Chitradurga Taluk 2,567252,13.546099,76.717445,3000,16
FPS-KA-CHI-0018,FPS CHI 0018,Chitradurga,Chitradurga Taluk 3,567289,13.374419,77.257651,5000,16
FPS-KA-CHI-0019,FPS CHI 0019,Chitradurga,Chitradurga Taluk 4,567326,16.22127,75.501479,3000,16
FPS-KA-CHI-0020,FPS CHI 0020,Chitradurga,Chitradurga Taluk 5,567363,15.629791,76.6409,2500,16
FPS-KA-DK-0001,FPS DK 0001,Dakshina Kannada,Dakshina Kannada Taluk 1,567400,12.067181,77.158935,2500,16
FPS-KA-DK-0002,FPS DK 0002,Dakshina Kannada,Dakshina Kannada Taluk 2,567437,14.278888,76.892601,2500,16
FPS-KA-DK-0003,FPS DK 0003,Dakshina Kannada,Dakshina Kannada Taluk 3,567474,13.260273,77.134331,3000,16
FPS-KA-DK-0004,FPS DK 0004,Dakshina Kannada,Dakshina Kannada Taluk 4,567511,13.640609,74.037932,2500,16
FPS-KA-DK-0005,FPS DK 0005,Dakshina Kannada,Dakshina Kannada Taluk 5,567548,16.479601,74.319503,2500,16
FPS-KA-DK-0006,FPS DK 0006,Dakshina Kannada,Dakshina Kannada Taluk 1,567585,13.256225,77.325217,3500,16
FPS-KA-DK-0007,FPS DK 0007,Dakshina Kannada,Dakshina Kannada Taluk 2,567622,16.728339,76.007033,2500,16
FPS-KA-DK-0008,FPS DK 0008,Dakshina Kannada,Dakshina Kannada Taluk 3,567659,14.975105,75.569559,5000,16
FPS-KA-DK-0009,FPS DK 0009,Dakshina Kannada,Dakshina Kannada Taluk 4,567696,13.112659,75.150326,3000,16
FPS-KA-DK-0010,FPS DK 0010,Dakshina Kannada,Dakshina Kannada Taluk 5,567733,15.198852,76.633311,3500,16
FPS-KA-DK-0011,FPS DK 0011,Dakshina Kannada,Dakshina Kannada Taluk 1,567770,15.853685,76.763663,4000,16
FPS-KA-DK-0012,FPS DK 0012,Dakshina Kannada,Dakshina Kannada Taluk 2,567807,12.001634,75.730471,3000,16
FPS-KA-DK-0013,FPS DK 0013,Dakshina Kannada,Dakshina Kannada Taluk 3,567844,11.816573,75.923351,5000,16
FPS-KA-DK-0014,FPS DK 0014,Dakshina Kannada,Dakshina Kannada Taluk 4,567881,13.928418,77.106965,3000,16
FPS-KA-DK-0015,FPS DK 0015,Dakshina Kannada,Dakshina Kannada Taluk 5,567918,13.430033,74.409735,5000,16
FPS-KA-DK-0016,FPS DK 0016,Dakshina Kannada,Dakshina Kannada Taluk 1,567955,12.286454,76.665287,5000,16
FPS-KA-DK-0017,FPS DK 0017,Dakshina Kannada,Dakshina Kannada Taluk 2,567992,14.900199,74.353929,4000,16
FPS-KA-DK-0018,FPS DK 0018,Dakshina Kannada,Dakshina Kannada Taluk 3,568029,11.962587,76.453392,3000,16
FPS-KA-DK-0019,FPS DK 0019,Dakshina Kannada,Dakshina Kannada Taluk 4,568066,11.900197,76.87651,4000,16
FPS-KA-DK-0020,FPS DK 0020,Dakshina Kannada,Dakshina Kannada Taluk 5,568103,15.384332,74.284721,4000,16
FPS-KA-DAV-0001,FPS DAV 0001,Davanagere,Davanagere Taluk 1,568140,11.966607,77.453239,3000,16
FPS-KA-DAV-0002,FPS DAV 0002,Davanagere,Davanagere Taluk 2,568177,13.558489,75.297248,2500,16
FPS-KA-DAV-0003,FPS DAV 0003,Davanagere,Davanagere Taluk 3,568214,15.970398,77.31537,2500,16
FPS-KA-DAV-0004,FPS DAV 0004,Davanagere,Davanagere Taluk 4,568251,16.923006,76.636824,4000,16
FPS-KA-DAV-0005,FPS DAV 0005,Davanagere,Davanagere Taluk 5,568288,13.569428,74.292253,3500,16
FPS-KA-DAV-0006,FPS DAV 0006,Davanagere,Davanagere Taluk 1,568325,15.774308,75.954415,4000,16
FPS-KA-DAV-0007,FPS DAV 0007,Davanagere,Davanagere Taluk 2,568362,13.833221,77.17224,4000,16
FPS-KA-DAV-0008,FPS DAV 0008,Davanagere,Davanagere Taluk 3,568399,12.111586,75.724188,4000,16
FPS-KA-DAV-0009,FPS DAV 0009,Davanagere,Davanagere Taluk 4,568436,11.562445,75.640312,2500,16
FPS-KA-DAV-0010,FPS DAV 0010,Davanagere,Davanagere Taluk 5,568473,11.809668,74.415863,2500,16
FPS-KA-DAV-0011,FPS DAV 0011,Davanagere,Davanagere Taluk 1,568510,12.146394,76.272236,2500,16
FPS-KA-DAV-0012,FPS DAV 0012,Davanagere,Davanagere Taluk 2,568547,15.603247,76.041791,4000,16
FPS-KA-DAV-0013,FPS DAV 0013,Davanagere,Davanagere Taluk 3,568584,16.791949,75.312047,3500,16
FPS-KA-DAV-0014,FPS DAV 0014,Davanagere,Davanagere Taluk 4,568621,13.071416,77.040097,2500,16
FPS-KA-DAV-0015,FPS DAV 0015,Davanagere,Davanagere Taluk 5,568658,12.729777,77.371279,3000,16
FPS-KA-DAV-0016,FPS DAV 0016,Davanagere,Davanagere Taluk 1,568695,11.56685,77.394576,3000,16
FPS-KA-DAV-0017,FPS DAV 0017,Davanagere,Davanagere Taluk 2,568732,11.73738,77.119001,3000,16
FPS-KA-DAV-0018,FPS DAV 0018,Davanagere,Davanagere Taluk 3,568769,14.402356,77.475377,5000,16
FPS-KA-DAV-0019,FPS DAV 0019,Davanagere,Davanagere Taluk 4,568806,11.905881,75.93849,4000,16
FPS-KA-DAV-0020,FPS DAV 0020,Davanagere,Davanagere Taluk 5,568843,16.831164,75.830842,3000,16
FPS-KA-DHA-0001,FPS DHA 0001,Dharwad,Dharwad Taluk 1,568880,14.961693,76.43512,4000,16
FPS-KA-DHA-0002,FPS DHA 0002,Dharwad,Dharwad Taluk 2,568917,13.999976,76.196453,3000,16
FPS-KA-DHA-0003,FPS DHA 0003,Dharwad,Dharwad Taluk 3,568954,14.713729,77.154053,3500,16
FPS-KA-DHA-0004,FPS DHA 0004,Dharwad,Dharwad Taluk 4,568991,11.749955,74.983371,4000,16
FPS-KA-DHA-0005,FPS DHA 0005,Dharwad,Dharwad Taluk 5,569028,16.727263,77.115923,3000,16
FPS-KA-DHA-0006,FPS DHA 0006,Dharwad,Dharwad Taluk 1,569065,14.006112,76.170464,2500,16
FPS-KA-DHA-0007,FPS DHA 0007,Dharwad,Dharwad Taluk 2,569102,13.025597,74.658424,4000,16
FPS-KA-DHA-0008,FPS DHA 0008,Dharwad,Dharwad Taluk 3,569139,14.050341,75.236733,5000,16
FPS-KA-DHA-0009,FPS DHA 0009,Dharwad,Dharwad Taluk 4,569176,14.710109,74.272071,2500,16
FPS-KA-DHA-0010,FPS DHA 0010,Dharwad,Dharwad Taluk 5,569213,16.859171,77.451738,2500,16
FPS-KA-DHA-0011,FPS DHA 0011,Dharwad,Dharwad Taluk 1,569250,15.339889,75.876337,5000,16
FPS-KA-DHA-0012,FPS DHA 0012,Dharwad,Dharwad Taluk 2,569287,13.202402,76.848283,2500,16
FPS-KA-DHA-0013,FPS DHA 0013,Dharwad,Dharwad Taluk 3,569324,15.266021,74.569159,2500,16
FPS-KA-DHA-0014,FPS DHA 0014,Dharwad,Dharwad Taluk 4,569361,16.5101,76.87888,3000,16
FPS-KA-DHA-0015,FPS DHA 0015,Dharwad,Dharwad Taluk 5,569398,16.7239,76.540018,3000,16
FPS-KA-DHA-0016,FPS DHA 0016,Dharwad,Dharwad Taluk 1,569435,14.873784,75.463851,4000,16
FPS-KA-DHA-0017,FPS DHA 0017,Dharwad,Dharwad Taluk 2,569472,16.630007,77.031224,4000,16
FPS-KA-DHA-0018,FPS DHA 0018,Dharwad,Dharwad Taluk 3,569509,11.748703,74.092284,4000,16
FPS-KA-DHA-0019,FPS DHA 0019,Dharwad,Dharwad Taluk 4,569546,13.570549,76.836937,3000,16
FPS-KA-DHA-0020,FPS DHA 0020,Dharwad,Dharwad Taluk 5,569583,16.930019,74.526459,4000,16
FPS-KA-GAD-0001,FPS GAD 0001,Gadag,Gadag Taluk 1,569620,14.767719,75.333118,2500,16
FPS-KA-GAD-0002,FPS GAD 0002,Gadag,Gadag Taluk 2,569657,16.834529,76.947416,3000,16
FPS-KA-GAD-0003,FPS GAD 0003,Gadag,Gadag Taluk 3,569694,16.110808,75.640426,4000,16
FPS-KA-GAD-0004,FPS GAD 0004,Gadag,Gadag Taluk 4,569731,13.781507,74.956925,2500,16
FPS-KA-GAD-0005,FPS GAD 0005,Gadag,Gadag Taluk 5,569768,11.810065,77.026528,4000,16
FPS-KA-GAD-0006,FPS GAD 0006,Gadag,Gadag Taluk 1,569805,15.970956,77.499012,3500,16
FPS-KA-GAD-0007,FPS GAD 0007,Gadag,Gadag Taluk 2,569842,16.981503,75.944011,4000,16
FPS-KA-GAD-0008,FPS GAD 0008,Gadag,Gadag Taluk 3,569879,15.729431,77.30668,3500,16
FPS-KA-GAD-0009,FPS GAD 0009,Gadag,Gadag Taluk 4,569916,16.173061,74.865718,4000,16
FPS-KA-GAD-0010,FPS GAD 0010,Gadag,Gadag Taluk 5,569953,13.977993,74.452058,5000,16
FPS-KA-GAD-0011,FPS GAD 0011,Gadag,Gadag Taluk 1,569990,16.747281,76.121611,4000,16
FPS-KA-GAD-0012,FPS GAD 0012,Gadag,Gadag Taluk 2,570027,12.757535,76.350952,3000,16
FPS-KA-GAD-0013,FPS GAD 0013,Gadag,Gadag Taluk 3,570064,14.899705,75.25357,3000,16
FPS-KA-GAD-0014,FPS GAD 0014,Gadag,Gadag Taluk 4,570101,12.124567,76.350506,3500,16
FPS-KA-GAD-0015,FPS GAD 0015,Gadag,Gadag Taluk 5,570138,14.361692,76.703114,3000,16
FPS-KA-GAD-0016,FPS GAD 0016,Gadag,Gadag Taluk 1,570175,14.360899,76.982635,2500,16
FPS-KA-GAD-0017,FPS GAD 0017,Gadag,Gadag Taluk 2,570212,14.535488,75.963283,5000,16
FPS-KA-GAD-0018,FPS GAD 0018,Gadag,Gadag Taluk 3,570249,16.321595,75.41219,5000,16
FPS-KA-GAD-0019,FPS GAD 0019,Gadag,Gadag Taluk 4,570286,12.237084,74.100739,2500,16
FPS-KA-GAD-0020,FPS GAD 0020,Gadag,Gadag Taluk 5,570323,15.653255,76.171083,3500,16
FPS-KA-HAS-0001,FPS HAS 0001,Hassan,Hassan Taluk 1,570360,15.372439,74.745375,2500,16
FPS-KA-HAS-0002,FPS HAS 0002,Hassan,Hassan Taluk 2,570397,12.250043,74.050906,2500,16
FPS-KA-HAS-0003,FPS HAS 0003,Hassan,Hassan Taluk 3,570434,13.428232,76.064712,5000,16
FPS-KA-HAS-0004,FPS HAS 0004,Hassan,Hassan Taluk 4,570471,13.657342,75.531162,4000,16
FPS-KA-HAS-0005,FPS HAS 0005,Hassan,Hassan Taluk 5,570508,16.472873,75.218894,5000,16
FPS-KA-HAS-0006,FPS HAS 0006,Hassan,Hassan Taluk 1,570545,14.326942,76.742786,5000,16
FPS-KA-HAS-0007,FPS HAS 0007,Hassan,Hassan Taluk 2,570582,13.680985,76.177303,3000,16
FPS-KA-HAS-0008,FPS HAS 0008,Hassan,Hassan Taluk 3,570619,16.243,77.323322,2500,16
FPS-KA-HAS-0009,FPS HAS 0009,Hassan,Hassan Taluk 4,570656,12.308904,77.243057,5000,16
FPS-KA-HAS-0010,FPS HAS 0010,Hassan,Hassan Taluk 5,570693,14.20664,74.903855,2500,16
FPS-KA-HAS-0011,FPS HAS 0011,Hassan,Hassan Taluk 1,570730,14.025247,77.430114,3000,16
FPS-KA-HAS-0012,FPS HAS 0012,Hassan,Hassan Taluk 2,570767,14.2094,75.150631,2500,16
FPS-KA-HAS-0013,FPS HAS 0013,Hassan,Hassan Taluk 3,570804,14.983705,74.84051,5000,16
FPS-KA-HAS-0014,FPS HAS 0014,Hassan,Hassan Taluk 4,570841,11.917248,74.451079,2500,16
FPS-KA-HAS-0015,FPS HAS 0015,Hassan,Hassan Taluk 5,570878,12.204252,74.531659,3000,16
FPS-KA-HAS-0016,FPS HAS 0016,Hassan,Hassan Taluk 1,570915,12.263549,76.243062,4000,16
FPS-KA-HAS-0017,FPS HAS 0017,Hassan,Hassan Taluk 2,570952,12.50034,75.209835,2500,16
FPS-KA-HAS-0018,FPS HAS 0018,Hassan,Hassan Taluk 3,570989,16.432336,75.658866,5000,16
FPS-KA-HAS-0019,FPS HAS 0019,Hassan,Hassan Taluk 4,571026,15.171568,74.60312,3000,16
FPS-KA-HAS-0020,FPS HAS 0020,Hassan,Hassan Taluk 5,571063,12.55759,74.14304,5000,16
FPS-KA-HAV-0001,FPS HAV 0001,Haveri,Haveri Taluk 1,571100,12.429143,74.975066,5000,16
FPS-KA-HAV-0002,FPS HAV 0002,Haveri,Haveri Taluk 2,571137,12.473558,74.310459,2500,16
FPS-KA-HAV-0003,FPS HAV 0003,Haveri,Haveri Taluk 3,571174,12.163497,75.612726,5000,16
FPS-KA-HAV-0004,FPS HAV 0004,Haveri,Haveri Taluk 4,571211,12.634835,75.274945,2500,16
FPS-KA-HAV-0005,FPS HAV 0005,Haveri,Haveri Taluk 5,571248,14.268795,76.416382,4000,16
FPS-KA-HAV-0006,FPS HAV 0006,Haveri,Haveri Taluk 1,571285,11.716217,76.797936,5000,16
FPS-KA-HAV-0007,FPS HAV 0007,Haveri,Haveri Taluk 2,571322,14.953452,74.286157,5000,16
FPS-KA-HAV-0008,FPS HAV 0008,Haveri,Haveri Taluk 3,571359,16.304682,77.223053,5000,16
FPS-KA-HAV-0009,FPS HAV 0009,Haveri,Haveri Taluk 4,571396,11.835929,74.969072,3500,16
FPS-KA-HAV-0010,FPS HAV 0010,Haveri,Haveri Taluk 5,571433,15.934107,76.618909,3500,16
FPS-KA-HAV-0011,FPS HAV 0011,Haveri,Haveri Taluk 1,571470,12.514866,74.732723,3000,16
FPS-KA-HAV-0012,FPS HAV 0012,Haveri,Haveri Taluk 2,571507,13.537597,75.69583,3500,16
FPS-KA-HAV-0013,FPS HAV 0013,Haveri,Haveri Taluk 3,571544,14.900401,75.291198,3000,16
FPS-KA-HAV-0014,FPS HAV 0014,Haveri,Haveri Taluk 4,571581,14.043941,76.616148,3500,16
FPS-KA-HAV-0015,FPS HAV 0015,Haveri,Haveri Taluk 5,571618,11.701758,74.883529,4000,16
FPS-KA-HAV-0016,FPS HAV 0016,Haveri,Haveri Taluk 1,571655,15.423423,77.133224,3000,16
FPS-KA-HAV-0017,FPS HAV 0017,Haveri,Haveri Taluk 2,571692,14.314226,75.862397,3500,16
FPS-KA-HAV-0018,FPS HAV 0018,Haveri,Haveri Taluk 3,571729,12.089446,75.565943,4000,16
FPS-KA-HAV-0019,FPS HAV 0019,Haveri,Haveri Taluk 4,571766,14.429395,74.848647,3500,16
FPS-KA-HAV-0020,FPS HAV 0020,Haveri,Haveri Taluk 5,571803,12.980838,75.320495,2500,16
FPS-KA-KAL-0001,FPS KAL 0001,Kalaburagi,Kalaburagi Taluk 1,571840,11.610392,75.127277,2500,16
FPS-KA-KAL-0002,FPS KAL 0002,Kalaburagi,Kalaburagi Taluk 2,571877,12.662964,75.146241,4000,16
FPS-KA-KAL-0003,FPS KAL 0003,Kalaburagi,Kalaburagi Taluk 3,571914,12.158692,77.116845,5000,16
FPS-KA-KAL-0004,FPS KAL 0004,Kalaburagi,Kalaburagi Taluk 4,571951,14.764758,76.376858,5000,16
FPS-KA-KAL-0005,FPS KAL 0005,Kalaburagi,Kalaburagi Taluk 5,571988,15.840442,75.744548,2500,16
FPS-KA-KAL-0006,FPS KAL 0006,Kalaburagi,Kalaburagi Taluk 1,572025,11.978062,75.879873,2500,16
FPS-KA-KAL-0007,FPS KAL 0007,Kalaburagi,Kalaburagi Taluk 2,572062,14.727626,76.609038,5000,16
FPS-KA-KAL-0008,FPS KAL 0008,Kalaburagi,Kalaburagi Taluk 3,572099,13.874128,74.446531,3000,16
FPS-KA-KAL-0009,FPS KAL 0009,Kalaburagi,Kalaburagi Taluk 4,572136,13.060767,75.270788,5000,16
FPS-KA-KAL-0010,FPS KAL 0010,Kalaburagi,Kalaburagi Taluk 5,572173,15.052545,75.997724,3500,16
FPS-KA-KAL-0011,FPS KAL 0011,Kalaburagi,Kalaburagi Taluk 1,572210,13.458532,77.452803,3000,16
FPS-KA-KAL-0012,FPS KAL 0012,Kalaburagi,Kalaburagi Taluk 2,572247,14.831762,74.830294,3500,16
FPS-KA-KAL-0013,FPS KAL 0013,Kalaburagi,Kalaburagi Taluk 3,572284,12.059804,74.535007,2500,16
FPS-KA-KAL-0014,FPS KAL 0014,Kalaburagi,Kalaburagi Taluk 4,572321,12.852768,74.562385,3000,16
FPS-KA-KAL-0015,FPS KAL 0015,Kalaburagi,Kalaburagi Taluk 5,572358,12.526119,74.997833,3500,16
FPS-KA-KAL-0016,FPS KAL 0016,Kalaburagi,Kalaburagi Taluk 1,572395,12.453555,77.138679,3500,16
FPS-KA-KAL-0017,FPS KAL 0017,Kalaburagi,Kalaburagi Taluk 2,572432,11.941286,75.83579,3000,16
FPS-KA-KAL-0018,FPS KAL 0018,Kalaburagi,Kalaburagi Taluk 3,572469,13.757183,77.438325,4000,16
FPS-KA-KAL-0019,FPS KAL 0019,Kalaburagi,Kalaburagi Taluk 4,572506,12.116214,75.392495,5000,16
FPS-KA-KAL-0020,FPS KAL 0020,Kalaburagi,Kalaburagi Taluk 5,572543,16.832087,77.029275,3500,16
FPS-KA-KOD-0001,FPS KOD 0001,Kodagu,Kodagu Taluk 1,572580,15.993896,74.90266,5000,16
FPS-KA-KOD-0002,FPS KOD 0002,Kodagu,Kodagu Taluk 2,572617,12.439882,76.340251,5000,16
FPS-KA-KOD-0003,FPS KOD 0003,Kodagu,Kodagu Taluk 3,572654,16.611568,75.94867,2500,16
FPS-KA-KOD-0004,FPS KOD 0004,Kodagu,Kodagu Taluk 4,572691,14.64387,74.979927,5000,16
FPS-KA-KOD-0005,FPS KOD 0005,Kodagu,Kodagu Taluk 5,572728,15.732211,74.654653,3500,16
FPS-KA-KOD-0006,FPS KOD 0006,Kodagu,Kodagu Taluk 1,572765,13.280236,75.489028,2500,16
FPS-KA-KOD-0007,FPS KOD 0007,Kodagu,Kodagu Taluk 2,572802,14.291857,74.848434,3000,16
FPS-KA-KOD-0008,FPS KOD 0008,Kodagu,Kodagu Taluk 3,572839,12.131603,76.13717,3500,16
FPS-KA-KOD-0009,FPS KOD 0009,Kodagu,Kodagu Taluk 4,572876,13.087468,76.034334,2500,16
FPS-KA-KOD-0010,FPS KOD 0010,Kodagu,Kodagu Taluk 5,572913,12.348995,75.68399,2500,16
FPS-KA-KOD-0011,FPS KOD 0011,Kodagu,Kodagu Taluk 1,572950,14.429242,74.181382,5000,16
FPS-KA-KOD-0012,FPS KOD 0012,Kodagu,Kodagu Taluk 2,572987,13.351324,74.470451,3000,16
FPS-KA-KOD-0013,FPS KOD 0013,Kodagu,Kodagu Taluk 3,573024,11.848562,77.464861,3500,16
FPS-KA-KOD-0014,FPS KOD 0014,Kodagu,Kodagu Taluk 4,573061,13.272946,76.834561,3500,16
FPS-KA-KOD-0015,FPS KOD 0015,Kodagu,Kodagu Taluk 5,573098,12.900524,76.38526,5000,16
FPS-KA-KOD-0016,FPS KOD 0016,Kodagu,Kodagu Taluk 1,573135,15.681253,76.084736,3000,16
FPS-KA-KOD-0017,FPS KOD 0017,Kodagu,Kodagu Taluk 2,573172,14.093669,75.441443,3500,16
FPS-KA-KOD-0018,FPS KOD 0018,Kodagu,Kodagu Taluk 3,573209,13.418775,77.253352,3000,16
FPS-KA-KOD-0019,FPS KOD 0019,Kodagu,Kodagu Taluk 4,573246,16.068407,77.377594,3500,16
FPS-KA-KOD-0020,FPS KOD 0020,Kodagu,Kodagu Taluk 5,573283,12.183635,76.558036,5000,16
FPS-KA-KOL-0001,FPS KOL 0001,Kolar,Kolar Taluk 1,573320,16.660873,74.634316,4000,16
FPS-KA-KOL-0002,FPS KOL 0002,Kolar,Kolar Taluk 2,573357,11.865729,76.593922,3500,16
FPS-KA-KOL-0003,FPS KOL 0003,Kolar,Kolar Taluk 3,573394,14.659602,76.946401,2500,16
FPS-KA-KOL-0004,FPS KOL 0004,Kolar,Kolar Taluk 4,573431,12.268748,76.783436,2500,16
FPS-KA-KOL-0005,FPS KOL 0005,Kolar,Kolar Taluk 5,573468,12.60895,74.572796,4000,16
FPS-KA-KOL-0006,FPS KOL 0006,Kolar,Kolar Taluk 1,573505,12.403462,76.851012,3500,16
FPS-KA-KOL-0007,FPS KOL 0007,Kolar,Kolar Taluk 2,573542,15.158585,75.830729,2500,16
FPS-KA-KOL-0008,FPS KOL 0008,Kolar,Kolar Taluk 3,573579,13.473568,77.070202,2500,16
FPS-KA-KOL-0009,FPS KOL 0009,Kolar,Kolar Taluk 4,573616,13.658448,76.858098,3500,16
FPS-KA-KOL-0010,FPS KOL 0010,Kolar,Kolar Taluk 5,573653,13.915242,75.319306,3000,16
FPS-KA-KOL-0011,FPS KOL 0011,Kolar,Kolar Taluk 1,573690,14.044739,75.054823,3500,16
FPS-KA-KOL-0012,FPS KOL 0012,Kolar,Kolar Taluk 2,573727,15.611852,75.759521,3000,16
FPS-KA-KOL-0013,FPS KOL 0013,Kolar,Kolar Taluk 3,573764,12.77717,77.148511,4000,16
FPS-KA-KOL-0014,FPS KOL 0014,Kolar,Kolar Taluk 4,573801,13.611402,75.902435,5000,16
FPS-KA-KOL-0015,FPS KOL 0015,Kolar,Kolar Taluk 5,573838,16.485597,76.184833,4000,16
FPS-KA-KOL-0016,FPS KOL 0016,Kolar,Kolar Taluk 1,573875,12.142939,77.289412,5000,16
FPS-KA-KOL-0017,FPS KOL 0017,Kolar,Kolar Taluk 2,573912,14.952394,75.17217,2500,16
FPS-KA-KOL-0018,FPS KOL 0018,Kolar,Kolar Taluk 3,573949,12.265996,76.779088,2500,16
FPS-KA-KOL-0019,FPS KOL 0019,Kolar,Kolar Taluk 4,573986,14.9104,75.867114,2500,16
FPS-KA-KOL-0020,FPS KOL 0020,Kolar,Kolar Taluk 5,574023,16.416409,76.76009,3000,16
FPS-KA-KOP-0001,FPS KOP 0001,Koppal,Koppal Taluk 1,574060,12.334212,75.091027,5000,16
FPS-KA-KOP-0002,FPS KOP 0002,Koppal,Koppal Taluk 2,574097,12.86669,76.603812,2500,16
FPS-KA-KOP-0003,FPS KOP 0003,Koppal,Koppal Taluk 3,574134,11.684428,75.994614,3500,16
FPS-KA-KOP-0004,FPS KOP 0004,Koppal,Koppal Taluk 4,574171,15.693523,77.06868,5000,16
FPS-KA-KOP-0005,FPS KOP 0005,Koppal,Koppal Taluk 5,574208,13.38145,76.874401,5000,16
FPS-KA-KOP-0006,FPS KOP 0006,Koppal,Koppal Taluk 1,574245,12.108475,76.962583,3000,16
FPS-KA-KOP-0007,FPS KOP 0007,Koppal,Koppal Taluk 2,574282,12.201188,75.390506,4000,16
FPS-KA-KOP-0008,FPS KOP 0008,Koppal,Koppal Taluk 3,574319,15.885125,74.524711,3000,16
FPS-KA-KOP-0009,FPS KOP 0009,Koppal,Koppal Taluk 4,574356,12.760883,76.527884,2500,16
FPS-KA-KOP-0010,FPS KOP 0010,Koppal,Koppal Taluk 5,574393,15.460201,76.244017,3500,16
FPS-KA-KOP-0011,FPS KOP 0011,Koppal,Koppal Taluk 1,574430,15.316716,75.899536,3500,16
FPS-KA-KOP-0012,FPS KOP 0012,Koppal,Koppal Taluk 2,574467,12.884895,75.209936,2500,16
FPS-KA-KOP-0013,FPS KOP 0013,Koppal,Koppal Taluk 3,574504,12.498787,77.179577,3500,16
FPS-KA-KOP-0014,FPS KOP 0014,Koppal,Koppal Taluk 4,574541,14.708655,75.40298,3000,16
FPS-KA-KOP-0015,FPS KOP 0015,Koppal,Koppal Taluk 5,574578,14.041032,77.315492,3000,16
FPS-KA-KOP-0016,FPS KOP 0016,Koppal,Koppal Taluk 1,574615,12.343433,76.051804,2500,16
FPS-KA-KOP-0017,FPS KOP 0017,Koppal,Koppal Taluk 2,574652,14.282388,76.14009,3500,16
FPS-KA-KOP-0018,FPS KOP 0018,Koppal,Koppal Taluk 3,574689,11.599606,77.052434,5000,16
FPS-KA-KOP-0019,FPS KOP 0019,Koppal,Koppal Taluk 4,574726,16.626651,75.977966,4000,16
FPS-KA-KOP-0020,FPS KOP 0020,Koppal,Koppal Taluk 5,574763,15.33158,77.228748,5000,16
FPS-KA-MAN-0001,FPS MAN 0001,Mandya,Mandya Taluk 1,574800,15.389812,74.533887,3000,16
FPS-KA-MAN-0002,FPS MAN 0002,Mandya,Mandya Taluk 2,574837,14.669586,76.123503,3000,16
FPS-KA-MAN-0003,FPS MAN 0003,Mandya,Mandya Taluk 3,574874,13.832719,76.577555,3000,16
FPS-KA-MAN-0004,FPS MAN 0004,Mandya,Mandya Taluk 4,574911,16.639019,77.23949,3000,16
FPS-KA-MAN-0005,FPS MAN 0005,Mandya,Mandya Taluk 5,574948,13.979617,74.396333,4000,16
FPS-KA-MAN-0006,FPS MAN 0006,Mandya,Mandya Taluk 1,574985,16.916627,76.936143,2500,16
FPS-KA-MAN-0007,FPS MAN 0007,Mandya,Mandya Taluk 2,575022,12.185645,77.222947,3000,16
FPS-KA-MAN-0008,FPS MAN 0008,Mandya,Mandya Taluk 3,575059,16.28443,75.815933,3500,16
FPS-KA-MAN-0009,FPS MAN 0009,Mandya,Mandya Taluk 4,575096,14.752015,75.396509,4000,16
FPS-KA-MAN-0010,FPS MAN 0010,Mandya,Mandya Taluk 5,575133,11.801189,75.17319,3000,16
FPS-KA-MAN-0011,FPS MAN 0011,Mandya,Mandya Taluk 1,575170,15.915694,74.016212,3500,16
FPS-KA-MAN-0012,FPS MAN 0012,Mandya,Mandya Taluk 2,575207,13.334245,75.39359,3000,16
FPS-KA-MAN-0013,FPS MAN 0013,Mandya,Mandya Taluk 3,575244,14.455676,77.219495,2500,16
FPS-KA-MAN-0014,FPS MAN 0014,Mandya,Mandya Taluk 4,575281,13.404903,75.214336,4000,16
FPS-KA-MAN-0015,FPS MAN 0015,Mandya,Mandya Taluk 5,575318,15.556257,75.582763,2500,16
FPS-KA-MAN-0016,FPS MAN 0016,Mandya,Mandya Taluk 1,575355,12.735327,75.583538,4000,16
FPS-KA-MAN-0017,FPS MAN 0017,Mandya,Mandya Taluk 2,575392,12.274714,74.617354,3000,16
FPS-KA-MAN-0018,FPS MAN 0018,Mandya,Mandya Taluk 3,575429,14.241023,75.466239,3000,16
FPS-KA-MAN-0019,FPS MAN 0019,Mandya,Mandya Taluk 4,575466,16.531652,75.268379,4000,16
FPS-KA-MAN-0020,FPS MAN 0020,Mandya,Mandya Taluk 5,575503,14.693236,76.212925,3500,16
FPS-KA-MYS-0001,FPS MYS 0001,Mysuru,Mysuru Taluk 1,575540,11.57202,76.322381,3500,16
FPS-KA-MYS-0002,FPS MYS 0002,Mysuru,Mysuru Taluk 2,575577,12.479198,77.363746,3000,16
FPS-KA-MYS-0003,FPS MYS 0003,Mysuru,Mysuru Taluk 3,575614,12.317645,75.451184,3000,16
FPS-KA-MYS-0004,FPS MYS 0004,Mysuru,Mysuru Taluk 4,575651,11.969423,77.48906,2500,16
FPS-KA-MYS-0005,FPS MYS 0005,Mysuru,Mysuru Taluk 5,575688,14.262073,76.083848,3000,16
FPS-KA-MYS-0006,FPS MYS 0006,Mysuru,Mysuru Taluk 1,575725,11.868921,76.624862,4000,16
FPS-KA-MYS-0007,FPS MYS 0007,Mysuru,Mysuru Taluk 2,575762,12.654481,77.14319,3500,16
FPS-KA-MYS-0008,FPS MYS 0008,Mysuru,Mysuru Taluk 3,575799,12.628268,74.667407,3500,16
FPS-KA-MYS-0009,FPS MYS 0009,Mysuru,Mysuru Taluk 4,575836,11.701023,75.652234,2500,16
FPS-KA-MYS-0010,FPS MYS 0010,Mysuru,Mysuru Taluk 5,575873,14.606626,74.22998,3500,16
FPS-KA-MYS-0011,FPS MYS 0011,Mysuru,Mysuru Taluk 1,575910,15.765402,75.586511,3500,16
FPS-KA-MYS-0012,FPS MYS 0012,Mysuru,Mysuru Taluk 2,575947,14.384146,75.54267,5000,16
FPS-KA-MYS-0013,FPS MYS 0013,Mysuru,Mysuru Taluk 3,575984,13.704197,75.958741,4000,16
FPS-KA-MYS-0014,FPS MYS 0014,Mysuru,Mysuru Taluk 4,576021,12.353821,74.636748,5000,16
FPS-KA-MYS-0015,FPS MYS 0015,Mysuru,Mysuru Taluk 5,576058,16.239821,77.311404,3500,16
FPS-KA-MYS-0016,FPS MYS 0016,Mysuru,Mysuru Taluk 1,576095,13.553201,74.947606,2500,16
FPS-KA-MYS-0017,FPS MYS 0017,Mysuru,Mysuru Taluk 2,576132,15.041997,75.43057,2500,16
FPS-KA-MYS-0018,FPS MYS 0018,Mysuru,Mysuru Taluk 3,576169,11.639625,74.546534,3500,16
FPS-KA-MYS-0019,FPS MYS 0019,Mysuru,Mysuru Taluk 4,576206,15.437847,76.306234,3000,16
FPS-KA-MYS-0020,FPS MYS 0020,Mysuru,Mysuru Taluk 5,576243,11.649028,74.776903,5000,16
FPS-KA-RAI-0001,FPS RAI 0001,Raichur,Raichur Taluk 1,576280,12.770911,76.351625,3500,16
FPS-KA-RAI-0002,FPS RAI 0002,Raichur,Raichur Taluk 2,576317,11.608408,74.36438,2500,16
FPS-KA-RAI-0003,FPS RAI 0003,Raichur,Raichur Taluk 3,576354,15.899538,74.624906,2500,16
FPS-KA-RAI-0004,FPS RAI 0004,Raichur,Raichur Taluk 4,576391,15.090104,74.83364,5000,16
FPS-KA-RAI-0005,FPS RAI 0005,Raichur,Raichur Taluk 5,576428,12.046928,74.851103,4000,16
FPS-KA-RAI-0006,FPS RAI 0006,Raichur,Raichur Taluk 1,576465,15.472468,76.994938,3500,16
FPS-KA-RAI-0007,FPS RAI 0007,Raichur,Raichur Taluk 2,576502,16.066209,75.390142,3500,16
FPS-KA-RAI-0008,FPS RAI 0008,Raichur,Raichur Taluk 3,576539,15.174468,74.717445,4000,16
FPS-KA-RAI-0009,FPS RAI 0009,Raichur,Raichur Taluk 4,576576,13.112313,77.137175,5000,16
FPS-KA-RAI-0010,FPS RAI 0010,Raichur,Raichur Taluk 5,576613,11.571511,74.29928,5000,16
FPS-KA-RAI-0011,FPS RAI 0011,Raichur,Raichur Taluk 1,576650,12.643374,74.092863,2500,16
FPS-KA-RAI-0012,FPS RAI 0012,Raichur,Raichur Taluk 2,576687,12.497895,76.040645,4000,16
FPS-KA-RAI-0013,FPS RAI 0013,Raichur,Raichur Taluk 3,576724,13.817835,77.124351,5000,16
FPS-KA-RAI-0014,FPS RAI 0014,Raichur,Raichur Taluk 4,576761,15.99594,75.196361,3000,16
FPS-KA-RAI-0015,FPS RAI 0015,Raichur,Raichur Taluk 5,576798,12.926829,75.328923,3500,16
FPS-KA-RAI-0016,FPS RAI 0016,Raichur,Raichur Taluk 1,576835,14.746622,74.938223,2500,16
FPS-KA-RAI-0017,FPS RAI 0017,Raichur,Raichur Taluk 2,576872,14.932819,75.432941,4000,16
FPS-KA-RAI-0018,FPS RAI 0018,Raichur,Raichur Taluk 3,576909,14.536259,75.526443,2500,16
FPS-KA-RAI-0019,FPS RAI 0019,Raichur,Raichur Taluk 4,576946,13.119562,77.319587,5000,16
FPS-KA-RAI-0020,FPS RAI 0020,Raichur,Raichur Taluk 5,576983,15.699832,74.490396,5000,16
FPS-KA-RAM-0001,FPS RAM 0001,Ramanagara,Ramanagara Taluk 1,577020,16.276574,75.706009,3000,16
FPS-KA-RAM-0002,FPS RAM 0002,Ramanagara,Ramanagara Taluk 2,577057,16.420037,76.799493,3500,16
FPS-KA-RAM-0003,FPS RAM 0003,Ramanagara,Ramanagara Taluk 3,577094,13.838674,74.078643,4000,16
FPS-KA-RAM-0004,FPS RAM 0004,Ramanagara,Ramanagara Taluk 4,577131,12.977725,75.89572,2500,16
FPS-KA-RAM-0005,FPS RAM 0005,Ramanagara,Ramanagara Taluk 5,577168,14.98413,74.902607,3500,16
FPS-KA-RAM-0006,FPS RAM 0006,Ramanagara,Ramanagara Taluk 1,577205,12.266458,76.922256,5000,16
FPS-KA-RAM-0007,FPS RAM 0007,Ramanagara,Ramanagara Taluk 2,577242,16.914212,75.839916,3500,16
FPS-KA-RAM-0008,FPS RAM 0008,Ramanagara,Ramanagara Taluk 3,577279,12.444236,74.953076,2500,16
FPS-KA-RAM-0009,FPS RAM 0009,Ramanagara,Ramanagara Taluk 4,577316,11.601149,77.200046,3500,16
FPS-KA-RAM-0010,FPS RAM 0010,Ramanagara,Ramanagara Taluk 5,577353,12.147631,76.017808,5000,16
FPS-KA-RAM-0011,FPS RAM 0011,Ramanagara,Ramanagara Taluk 1,577390,13.007304,75.939623,3500,16
FPS-KA-RAM-0012,FPS RAM 0012,Ramanagara,Ramanagara Taluk 2,577427,15.082812,76.904096,4000,16
FPS-KA-RAM-0013,FPS RAM 0013,Ramanagara,Ramanagara Taluk 3,577464,12.635317,74.038485,3500,16
FPS-KA-RAM-0014,FPS RAM 0014,Ramanagara,Ramanagara Taluk 4,577501,12.252871,77.150065,4000,16
FPS-KA-RAM-0015,FPS RAM 0015,Ramanagara,Ramanagara Taluk 5,577538,16.306395,76.090946,3500,16
FPS-KA-RAM-0016,FPS RAM 0016,Ramanagara,Ramanagara Taluk 1,577575,14.802843,76.327628,5000,16
FPS-KA-RAM-0017,FPS RAM 0017,Ramanagara,Ramanagara Taluk 2,577612,12.464542,77.200442,3000,16
FPS-KA-RAM-0018,FPS RAM 0018,Ramanagara,Ramanagara Taluk 3,577649,13.803238,75.340985,3000,16
FPS-KA-RAM-0019,FPS RAM 0019,Ramanagara,Ramanagara Taluk 4,577686,14.354047,74.164381,4000,16
FPS-KA-RAM-0020,FPS RAM 0020,Ramanagara,Ramanagara Taluk 5,577723,12.414559,76.583118,4000,16
FPS-KA-SHI-0001,FPS SHI 0001,Shivamogga,Shivamogga Taluk 1,577760,11.955393,76.111032,3000,16
FPS-KA-SHI-0002,FPS SHI 0002,Shivamogga,Shivamogga Taluk 2,577797,12.84942,75.362535,5000,16
FPS-KA-SHI-0003,FPS SHI 0003,Shivamogga,Shivamogga Taluk 3,577834,13.087816,75.244855,5000,16
FPS-KA-SHI-0004,FPS SHI 0004,Shivamogga,Shivamogga Taluk 4,577871,15.454752,75.039926,3500,16
FPS-KA-SHI-0005,FPS SHI 0005,Shivamogga,Shivamogga Taluk 5,577908,14.615226,75.666176,4000,16
FPS-KA-SHI-0006,FPS SHI 0006,Shivamogga,Shivamogga Taluk 1,577945,15.150191,77.278904,5000,16
FPS-KA-SHI-0007,FPS SHI 0007,Shivamogga,Shivamogga Taluk 2,577982,15.529147,74.752291,2500,16
FPS-KA-SHI-0008,FPS SHI 0008,Shivamogga,Shivamogga Taluk 3,578019,11.671507,74.917924,3500,16
FPS-KA-SHI-0009,FPS SHI 0009,Shivamogga,Shivamogga Taluk 4,578056,14.772929,74.17999,3500,16
FPS-KA-SHI-0010,FPS SHI 0010,Shivamogga,Shivamogga Taluk 5,578093,14.230014,76.08895,3000,16
FPS-KA-SHI-0011,FPS SHI 0011,Shivamogga,Shivamogga Taluk 1,578130,13.338341,76.698193,4000,16
FPS-KA-SHI-0012,FPS SHI 0012,Shivamogga,Shivamogga Taluk 2,578167,12.08629,74.262982,5000,16
FPS-KA-SHI-0013,FPS SHI 0013,Shivamogga,Shivamogga Taluk 3,578204,15.505038,75.73422,5000,16
FPS-KA-SHI-0014,FPS SHI 0014,Shivamogga,Shivamogga Taluk 4,578241,15.286213,75.521896,3500,16
FPS-KA-SHI-0015,FPS SHI 0015,Shivamogga,Shivamogga Taluk 5,578278,12.855211,76.866858,4000,16
FPS-KA-SHI-0016,FPS SHI 0016,Shivamogga,Shivamogga Taluk 1,578315,15.896787,76.431438,4000,16
FPS-KA-SHI-0017,FPS SHI 0017,Shivamogga,Shivamogga Taluk 2,578352,12.996798,76.065807,4000,16
FPS-KA-SHI-0018,FPS SHI 0018,Shivamogga,Shivamogga Taluk 3,578389,13.485356,74.320537,3000,16
FPS-KA-SHI-0019,FPS SHI 0019,Shivamogga,Shivamogga Taluk 4,578426,16.545225,74.478865,5000,16
FPS-KA-SHI-0020,FPS SHI 0020,Shivamogga,Shivamogga Taluk 5,578463,16.726305,75.56102,4000,16
FPS-KA-TUM-0001,FPS TUM 0001,Tumakuru,Tumakuru Taluk 1,578500,12.518231,75.896653,3000,16
FPS-KA-TUM-0002,FPS TUM 0002,Tumakuru,Tumakuru Taluk 2,578537,16.301202,76.562787,2500,16
FPS-KA-TUM-0003,FPS TUM 0003,Tumakuru,Tumakuru Taluk 3,578574,15.936086,76.305742,3500,16
FPS-KA-TUM-0004,FPS TUM 0004,Tumakuru,Tumakuru Taluk 4,578611,15.307521,76.972185,5000,16
FPS-KA-TUM-0005,FPS TUM 0005,Tumakuru,Tumakuru Taluk 5,578648,12.873174,75.712987,5000,16
FPS-KA-TUM-0006,FPS TUM 0006,Tumakuru,Tumakuru Taluk 1,578685,12.716652,77.456838,3500,16
FPS-KA-TUM-0007,FPS TUM 0007,Tumakuru,Tumakuru Taluk 2,578722,16.692326,74.137994,2500,16
FPS-KA-TUM-0008,FPS TUM 0008,Tumakuru,Tumakuru Taluk 3,578759,15.380663,77.238369,3000,16
FPS-KA-TUM-0009,FPS TUM 0009,Tumakuru,Tumakuru Taluk 4,578796,12.493164,75.987808,3500,16
FPS-KA-TUM-0010,FPS TUM 0010,Tumakuru,Tumakuru Taluk 5,578833,16.535186,74.118811,3000,16
FPS-KA-TUM-0011,FPS TUM 0011,Tumakuru,Tumakuru Taluk 1,578870,15.335811,75.040722,3000,16
FPS-KA-TUM-0012,FPS TUM 0012,Tumakuru,Tumakuru Taluk 2,578907,16.584179,77.398704,3000,16
FPS-KA-TUM-0013,FPS TUM 0013,Tumakuru,Tumakuru Taluk 3,578944,16.693466,75.65975,2500,16
FPS-KA-TUM-0014,FPS TUM 0014,Tumakuru,Tumakuru Taluk 4,578981,16.241235,76.955923,2500,16
FPS-KA-TUM-0015,FPS TUM 0015,Tumakuru,Tumakuru Taluk 5,579018,13.255053,76.901204,3000,16
FPS-KA-TUM-0016,FPS TUM 0016,Tumakuru,Tumakuru Taluk 1,579055,11.703542,76.086945,4000,16
FPS-KA-TUM-0017,FPS TUM 0017,Tumakuru,Tumakuru Taluk 2,579092,12.765049,74.421984,5000,16
FPS-KA-TUM-0018,FPS TUM 0018,Tumakuru,Tumakuru Taluk 3,579129,11.923243,76.437011,2500,16
FPS-KA-TUM-0019,FPS TUM 0019,Tumakuru,Tumakuru Taluk 4,579166,13.369312,76.536684,4000,16
FPS-KA-TUM-0020,FPS TUM 0020,Tumakuru,Tumakuru Taluk 5,579203,11.85946,75.103516,4000,16
FPS-KA-UDP-0001,FPS UDP 0001,Udupi,Udupi Taluk 1,579240,14.467202,76.767531,5000,16
FPS-KA-UDP-0002,FPS UDP 0002,Udupi,Udupi Taluk 2,579277,13.253139,76.19062,3000,16
FPS-KA-UDP-0003,FPS UDP 0003,Udupi,Udupi Taluk 3,579314,16.372878,76.155521,4000,16
FPS-KA-UDP-0004,FPS UDP 0004,Udupi,Udupi Taluk 4,579351,12.781277,74.085403,4000,16
FPS-KA-UDP-0005,FPS UDP 0005,Udupi,Udupi Taluk 5,579388,16.285544,74.074443,4000,16
FPS-KA-UDP-0006,FPS UDP 0006,Udupi,Udupi Taluk 1,579425,16.310859,75.85128,3000,16
FPS-KA-UDP-0007,FPS UDP 0007,Udupi,Udupi Taluk 2,579462,16.664872,76.795741,3000,16
FPS-KA-UDP-0008,FPS UDP 0008,Udupi,Udupi Taluk 3,579499,16.988638,75.227491,2500,16
FPS-KA-UDP-0009,FPS UDP 0009,Udupi,Udupi Taluk 4,579536,15.719536,75.406758,2500,16
FPS-KA-UDP-0010,FPS UDP 0010,Udupi,Udupi Taluk 5,579573,14.139316,76.196269,4000,16
FPS-KA-UDP-0011,FPS UDP 0011,Udupi,Udupi Taluk 1,579610,16.305224,77.444292,3000,16
FPS-KA-UDP-0012,FPS UDP 0012,Udupi,Udupi Taluk 2,579647,15.725504,75.462184,3000,16
FPS-KA-UDP-0013,FPS UDP 0013,Udupi,Udupi Taluk 3,579684,13.817464,76.581538,5000,16
FPS-KA-UDP-0014,FPS UDP 0014,Udupi,Udupi Taluk 4,579721,12.813274,74.386659,4000,16
FPS-KA-UDP-0015,FPS UDP 0015,Udupi,Udupi Taluk 5,579758,13.450422,75.005336,2500,16
FPS-KA-UDP-0016,FPS UDP 0016,Udupi,Udupi Taluk 1,579795,13.129695,74.817627,5000,16
FPS-KA-UDP-0017,FPS UDP 0017,Udupi,Udupi Taluk 2,579832,11.731513,74.062559,3000,16
FPS-KA-UDP-0018,FPS UDP 0018,Udupi,Udupi Taluk 3,579869,16.932473,75.497206,2500,16
FPS-KA-UDP-0019,FPS UDP 0019,Udupi,Udupi Taluk 4,579906,13.613797,76.378765,4000,16
FPS-KA-UDP-0020,FPS UDP 0020,Udupi,Udupi Taluk 5,579943,12.700396,77.324864,3000,16
FPS-KA-UK-0001,FPS UK 0001,Uttara Kannada,Uttara Kannada Taluk 1,579980,15.824898,74.312939,4000,16
FPS-KA-UK-0002,FPS UK 0002,Uttara Kannada,Uttara Kannada Taluk 2,580017,13.796694,77.076914,5000,16
FPS-KA-UK-0003,FPS UK 0003,Uttara Kannada,Uttara Kannada Taluk 3,580054,16.696026,75.635905,5000,16
FPS-KA-UK-0004,FPS UK 0004,Uttara Kannada,Uttara Kannada Taluk 4,580091,14.873763,74.584619,5000,16
FPS-KA-UK-0005,FPS UK 0005,Uttara Kannada,Uttara Kannada Taluk 5,580128,16.951427,74.810851,3500,16
FPS-KA-UK-0006,FPS UK 0006,Uttara Kannada,Uttara Kannada Taluk 1,580165,16.685025,76.273763,4000,16
FPS-KA-UK-0007,FPS UK 0007,Uttara Kannada,Uttara Kannada Taluk 2,580202,14.842552,75.79441,5000,16
FPS-KA-UK-0008,FPS UK 0008,Uttara Kannada,Uttara Kannada Taluk 3,580239,12.768684,74.617848,5000,16
FPS-KA-UK-0009,FPS UK 0009,Uttara Kannada,Uttara Kannada Taluk 4,580276,12.712674,74.652534,4000,16
FPS-KA-UK-0010,FPS UK 0010,Uttara Kannada,Uttara Kannada Taluk 5,580313,15.787715,75.225438,5000,16
FPS-KA-UK-0011,FPS UK 0011,Uttara Kannada,Uttara Kannada Taluk 1,580350,11.818135,77.391859,4000,16
FPS-KA-UK-0012,FPS UK 0012,Uttara Kannada,Uttara Kannada Taluk 2,580387,16.360822,77.247133,3000,16
FPS-KA-UK-0013,FPS UK 0013,Uttara Kannada,Uttara Kannada Taluk 3,580424,16.971993,74.608633,4000,16
FPS-KA-UK-0014,FPS UK 0014,Uttara Kannada,Uttara Kannada Taluk 4,580461,13.679331,76.653835,4000,16
FPS-KA-UK-0015,FPS UK 0015,Uttara Kannada,Uttara Kannada Taluk 5,580498,15.328113,74.538636,3500,16
FPS-KA-UK-0016,FPS UK 0016,Uttara Kannada,Uttara Kannada Taluk 1,580535,15.987082,74.785542,3000,16
FPS-KA-UK-0017,FPS UK 0017,Uttara Kannada,Uttara Kannada Taluk 2,580572,12.730997,75.87941,3500,16
FPS-KA-UK-0018,FPS UK 0018,Uttara Kannada,Uttara Kannada Taluk 3,580609,14.76117,76.030302,5000,16
FPS-KA-UK-0019,FPS UK 0019,Uttara Kannada,Uttara Kannada Taluk 4,580646,12.003178,77.071113,4000,16
FPS-KA-UK-0020,FPS UK 0020,Uttara Kannada,Uttara Kannada Taluk 5,580683,12.9608,74.453302,3000,16
FPS-KA-VIJ-0001,FPS VIJ 0001,Vijayapura,Vijayapura Taluk 1,580720,16.388114,77.34478,3500,16
FPS-KA-VIJ-0002,FPS VIJ 0002,Vijayapura,Vijayapura Taluk 2,580757,16.241702,76.833306,4000,16
FPS-KA-VIJ-0003,FPS VIJ 0003,Vijayapura,Vijayapura Taluk 3,580794,15.103831,75.928001,2500,16
FPS-KA-VIJ-0004,FPS VIJ 0004,Vijayapura,Vijayapura Taluk 4,580831,11.978427,75.429586,3500,16
FPS-KA-VIJ-0005,FPS VIJ 0005,Vijayapura,Vijayapura Taluk 5,580868,13.549787,74.909138,3000,16
FPS-KA-VIJ-0006,FPS VIJ 0006,Vijayapura,Vijayapura Taluk 1,580905,15.478811,75.735565,3500,16
FPS-KA-VIJ-0007,FPS VIJ 0007,Vijayapura,Vijayapura Taluk 2,580942,11.945754,74.770641,3500,16
FPS-KA-VIJ-0008,FPS VIJ 0008,Vijayapura,Vijayapura Taluk 3,580979,15.257923,74.266458,3500,16
FPS-KA-VIJ-0009,FPS VIJ 0009,Vijayapura,Vijayapura Taluk 4,581016,16.181638,75.733013,5000,16
FPS-KA-VIJ-0010,FPS VIJ 0010,Vijayapura,Vijayapura Taluk 5,581053,14.143226,76.073427,2500,16
FPS-KA-VIJ-0011,FPS VIJ 0011,Vijayapura,Vijayapura Taluk 1,581090,16.035745,75.217332,3000,16
FPS-KA-VIJ-0012,FPS VIJ 0012,Vijayapura,Vijayapura Taluk 2,581127,15.229089,75.980062,3000,16
FPS-KA-VIJ-0013,FPS VIJ 0013,Vijayapura,Vijayapura Taluk 3,581164,12.968655,77.075205,3000,16
FPS-KA-VIJ-0014,FPS VIJ 0014,Vijayapura,Vijayapura Taluk 4,581201,15.885843,76.304581,4000,16
FPS-KA-VIJ-0015,FPS VIJ 0015,Vijayapura,Vijayapura Taluk 5,581238,16.1782,77.03553,3000,16
FPS-KA-VIJ-0016,FPS VIJ 0016,Vijayapura,Vijayapura Taluk 1,581275,15.395996,76.929547,3000,16
FPS-KA-VIJ-0017,FPS VIJ 0017,Vijayapura,Vijayapura Taluk 2,581312,15.336093,76.380493,2500,16
FPS-KA-VIJ-0018,FPS VIJ 0018,Vijayapura,Vijayapura Taluk 3,581349,14.902363,76.634508,4000,16
FPS-KA-VIJ-0019,FPS VIJ 0019,Vijayapura,Vijayapura Taluk 4,581386,12.372328,77.083048,4000,16
FPS-KA-VIJ-0020,FPS VIJ 0020,Vijayapura,Vijayapura Taluk 5,581423,16.295139,74.102365,3500,16
FPS-KA-VIG-0001,FPS VIG 0001,Vijayanagara,Vijayanagara Taluk 1,581460,16.041992,74.451045,5000,16
FPS-KA-VIG-0002,FPS VIG 0002,Vijayanagara,Vijayanagara Taluk 2,581497,13.343154,76.602279,4000,16
FPS-KA-VIG-0003,FPS VIG 0003,Vijayanagara,Vijayanagara Taluk 3,581534,12.384179,76.862885,4000,16
FPS-KA-VIG-0004,FPS VIG 0004,Vijayanagara,Vijayanagara Taluk 4,581571,16.076738,75.776137,2500,16
FPS-KA-VIG-0005,FPS VIG 0005,Vijayanagara,Vijayanagara Taluk 5,581608,11.535122,75.004633,3000,16
FPS-KA-VIG-0006,FPS VIG 0006,Vijayanagara,Vijayanagara Taluk 1,581645,14.893098,77.434152,4000,16
FPS-KA-VIG-0007,FPS VIG 0007,Vijayanagara,Vijayanagara Taluk 2,581682,14.974974,74.909313,4000,16
FPS-KA-VIG-0008,FPS VIG 0008,Vijayanagara,Vijayanagara Taluk 3,581719,14.987031,75.889949,5000,16
FPS-KA-VIG-0009,FPS VIG 0009,Vijayanagara,Vijayanagara Taluk 4,581756,15.78915,74.374432,2500,16
FPS-KA-VIG-0010,FPS VIG 0010,Vijayanagara,Vijayanagara Taluk 5,581793,15.685653,75.894433,5000,16
FPS-KA-VIG-0011,FPS VIG 0011,Vijayanagara,Vijayanagara Taluk 1,581830,16.796456,75.196553,4000,16
FPS-KA-VIG-0012,FPS VIG 0012,Vijayanagara,Vijayanagara Taluk 2,581867,14.97942,77.262098,4000,16
FPS-KA-VIG-0013,FPS VIG 0013,Vijayanagara,Vijayanagara Taluk 3,581904,12.063804,77.2803,2500,16
FPS-KA-VIG-0014,FPS VIG 0014,Vijayanagara,Vijayanagara Taluk 4,581941,15.283371,74.23743,3500,16
FPS-KA-VIG-0015,FPS VIG 0015,Vijayanagara,Vijayanagara Taluk 5,581978,13.1553,76.478602,3500,16
FPS-KA-VIG-0016,FPS VIG 0016,Vijayanagara,Vijayanagara Taluk 1,582015,11.870428,76.037597,4000,16
FPS-KA-VIG-0017,FPS VIG 0017,Vijayanagara,Vijayanagara Taluk 2,582052,13.402357,76.173204,4000,16
FPS-KA-VIG-0018,FPS VIG 0018,Vijayanagara,Vijayanagara Taluk 3,582089,11.751581,77.050379,5000,16
FPS-KA-VIG-0019,FPS VIG 0019,Vijayanagara,Vijayanagara Taluk 4,582126,16.854189,77.391072,5000,16
FPS-KA-VIG-0020,FPS VIG 0020,Vijayanagara,Vijayanagara Taluk 5,582163,15.623085,74.455302,5000,16
FPS-KA-YAD-0001,FPS YAD 0001,Yadgir,Yadgir Taluk 1,582200,15.670448,74.086054,3000,16
FPS-KA-YAD-0002,FPS YAD 0002,Yadgir,Yadgir Taluk 2,582237,11.62168,75.132636,4000,16
FPS-KA-YAD-0003,FPS YAD 0003,Yadgir,Yadgir Taluk 3,582274,14.187538,76.696426,3000,16
FPS-KA-YAD-0004,FPS YAD 0004,Yadgir,Yadgir Taluk 4,582311,15.258125,75.560659,3500,16
FPS-KA-YAD-0005,FPS YAD 0005,Yadgir,Yadgir Taluk 5,582348,13.004947,77.489936,4000,16
FPS-KA-YAD-0006,FPS YAD 0006,Yadgir,Yadgir Taluk 1,582385,13.843997,75.579855,4000,16
FPS-KA-YAD-0007,FPS YAD 0007,Yadgir,Yadgir Taluk 2,582422,12.399931,76.781833,2500,16
FPS-KA-YAD-0008,FPS YAD 0008,Yadgir,Yadgir Taluk 3,582459,15.315252,74.772694,4000,16
FPS-KA-YAD-0009,FPS YAD 0009,Yadgir,Yadgir Taluk 4,582496,11.953096,76.381748,3500,16
FPS-KA-YAD-0010,FPS YAD 0010,Yadgir,Yadgir Taluk 5,582533,15.099812,74.956408,4000,16
FPS-KA-YAD-0011,FPS YAD 0011,Yadgir,Yadgir Taluk 1,582570,16.72975,74.528703,3000,16
FPS-KA-YAD-0012,FPS YAD 0012,Yadgir,Yadgir Taluk 2,582607,13.877841,77.302656,4000,16
FPS-KA-YAD-0013,FPS YAD 0013,Yadgir,Yadgir Taluk 3,582644,13.8085,76.234841,3000,16
FPS-KA-YAD-0014,FPS YAD 0014,Yadgir,Yadgir Taluk 4,582681,13.686769,74.959753,5000,16
FPS-KA-YAD-0015,FPS YAD 0015,Yadgir,Yadgir Taluk 5,582718,16.911877,75.432669,5000,16
FPS-KA-YAD-0016,FPS YAD 0016,Yadgir,Yadgir Taluk 1,582755,16.417546,74.804841,2500,16
FPS-KA-YAD-0017,FPS YAD 0017,Yadgir,Yadgir Taluk 2,582792,12.672076,74.108969,4000,16
FPS-KA-YAD-0018,FPS YAD 0018,Yadgir,Yadgir Taluk 3,582829,15.084168,75.289842,5000,16
FPS-KA-YAD-0019,FPS YAD 0019,Yadgir,Yadgir Taluk 4,582866,16.25397,75.656235,5000,16
FPS-KA-YAD-0020,FPS YAD 0020,Yadgir,Yadgir Taluk 5,582903,16.825064,74.649339,2500,16
